{
  "project_info": {
    "project_number": "560684797584",
    "project_id": "myapp-94e8c",
    "storage_bucket": "myapp-94e8c.appspot.com"
  },
  "client": [
    {
      "client_info": {
        "mobilesdk_app_id": "1:560684797584:android:e081d285edb4b7602dd215",
        "android_client_info": {
          "package_name": "com.example.myapplication"
        }
      },
      "oauth_client": [
        {
          "client_id": "560684797584-efkrj4oc127oojt7vm1tfljn1g1consp.apps.googleusercontent.com",
          "client_type": 3
        }
      ],
      "api_key": [
        {
          "current_key": "AIzaSyClGJZAr-XuOonV_lxXkSFVp62lY6pcGUQ"
        }
      ],
      "services": {
        "appinvite_service": {
          "other_platform_oauth_client": [
            {
              "client_id": "560684797584-efkrj4oc127oojt7vm1tfljn1g1consp.apps.googleusercontent.com",
              "client_type": 3
            }
          ]
        }
      }
    }
  ],
  "configuration_version": "1"
}